species,min_flipper_length,max_flipper_length,mean_flipper_length,sd_flipper_length
Adelie,172,210,189.95364238410596,6.539457417191298
Chinstrap,178,212,195.8235294117647,7.1318942585781455
Gentoo,203,231,217.1869918699187,6.484975818673949
